{
    "rmse": 0.6749459413275796,
    "mae": 0.5294566811755742,
    "r2": 0.32510811301544806
}