{
    "rmse": 0.708535344554383,
    "mae": 0.5468694541722499,
    "r2": 0.3062096867437034
}